Tid,Kilopris_Fersk,Vekt_Fersk,Frosen oppalen laks_Kilopris (kr),Frosen oppalen laks_Vekt (tonn)
2000U01,4054.0,3728.0,3730.0,4043.0
2000U02,4415.0,3831.0,4463.0,4617.0
2000U03,4274.0,4025.0,5004.0,4797.0
2000U04,6091.0,5336.0,3511.0,6460.0
2000U05,4537.0,4224.0,4527.0,4922.0
2000U06,4500.0,5188.0,4601.0,5062.0
2000U07,5075.0,5185.0,3930.0,4775.0
2000U08,3584.0,3825.0,4776.0,4667.0
2000U09,5381.0,4649.0,5469.0,5973.0
2000U10,5854.0,5597.0,5978.0,6081.0
2000U11,5829.0,5637.0,5937.0,6040.0
2000U12,6690.0,6442.0,6017.0,6565.0
2000U13,5263.0,8205.0,3266.0,7839.0
2000U14,4959.0,4089.0,4470.0,4610.0
2000U15,4462.0,4523.0,3807.0,4533.0
2000U16,4936.0,4772.0,5328.0,5334.0
2000U17,6047.0,5283.0,4253.0,3776.0
2000U18,4547.0,5246.0,4913.0,5184.0
2000U19,5554.0,5052.0,5454.0,4129.0
2000U20,5077.0,4891.0,4272.0,4247.0
2000U21,4075.0,4015.0,3994.0,4372.0
2000U22,4843.0,4821.0,4746.0,5175.0
2000U23,4999.0,4833.0,5121.0,5478.0
2000U24,4935.0,4492.0,5369.0,5169.0
2000U25,5808.0,5196.0,6132.0,5488.0
2000U26,9219.0,6720.0,2793.0,7911.0
2000U27,4595.0,3353.0,3346.0,3872.0
2000U28,4730.0,1263.0,4013.0,4081.0
2000U29,5121.0,5140.0,6336.0,5765.0
2000U30,4828.0,3748.0,4897.0,5104.0
2000U31,4860.0,4493.0,5929.0,5118.0
2000U32,5663.0,5521.0,5993.0,5932.0
2000U33,5254.0,5172.0,4476.0,5145.0
2000U34,4766.0,5131.0,5210.0,4785.0
2000U35,4924.0,5169.0,5067.0,4973.0
2000U36,5064.0,5352.0,5412.0,4894.0
2000U37,5059.0,5261.0,5502.0,6252.0
2000U38,5757.0,6145.0,6830.0,5700.0
2000U39,9967.0,8613.0,2628.0,8424.0
2000U40,5503.0,2825.0,4812.0,5051.0
2000U41,4607.0,4752.0,4772.0,4702.0
2000U42,5586.0,4265.0,5066.0,5101.0
2000U43,6481.0,6378.0,4648.0,6695.0
2000U44,5162.0,5944.0,6581.0,5986.0
2000U45,5799.0,6510.0,6434.0,6385.0
2000U46,6179.0,5769.0,6185.0,5768.0
2000U47,5548.0,5054.0,5434.0,5987.0
2000U48,5399.0,6220.0,6565.0,6289.0
2000U49,5621.0,5636.0,6337.0,7397.0
2000U50,6976.0,6062.0,6153.0,7962.0
2000U51,7044.0,7396.0,7852.0,6429.0
2000U52,11559.0,7786.0,3691.0,9398.0
2001U01,7777.0,1306.0,5387.0,5115.0
2001U02,5171.0,5300.0,5066.0,5118.0
2001U03,5813.0,5297.0,6036.0,6063.0
2001U04,7622.0,5638.0,4778.0,4720.0
2001U05,5947.0,5059.0,6703.0,5742.0
2001U06,6487.0,4984.0,6745.0,6196.0
2001U07,6614.0,7319.0,6138.0,6634.0
2001U08,5754.0,6436.0,6542.0,5600.0
2001U09,6597.0,5601.0,6314.0,6129.0
2001U10,7175.0,6870.0,7116.0,7092.0
2001U11,6820.0,7158.0,6761.0,7190.0
2001U12,7391.0,7756.0,8017.0,7661.0
2001U13,10506.0,8986.0,8315.0,12242.0
2001U14,6661.0,3814.0,6172.0,5900.0
2001U15,6368.0,6245.0,6128.0,5667.0
2001U16,7157.0,6789.0,8013.0,7280.0
2001U17,6429.0,5269.0,7508.0,7458.0
2001U18,6057.0,7282.0,7039.0,5955.0
2001U19,7011.0,5925.0,6661.0,6599.0
2001U20,7104.0,7316.0,6938.0,6666.0
2001U21,6492.0,6560.0,5744.0,6252.0
2001U22,7257.0,5938.0,8007.0,7349.0
2001U23,8891.0,7334.0,8167.0,8266.0
2001U24,9160.0,8201.0,8520.0,8163.0
2001U25,8708.0,9099.0,9499.0,8910.0
2001U26,12019.0,10348.0,10057.0,12564.0
2001U27,5955.0,5834.0,6728.0,5698.0
2001U28,6739.0,6778.0,6857.0,6872.0
2001U29,8359.0,7017.0,7623.0,7991.0
2001U30,7690.0,7507.0,6145.0,8464.0
2001U31,8521.0,6523.0,7247.0,6516.0
2001U32,6596.0,6114.0,6451.0,7602.0
2001U33,7246.0,7247.0,6345.0,6665.0
2001U34,5464.0,5684.0,6567.0,6132.0
2001U35,6247.0,5688.0,7080.0,7043.0
2001U36,8038.0,7400.0,8308.0,8112.0
2001U37,8965.0,8670.0,9668.0,9567.0
2001U38,9748.0,9795.0,10873.0,10635.0
2001U39,12571.0,11548.0,10766.0,13003.0
2001U40,6809.0,4463.0,8553.0,8281.0
2001U41,8257.0,8179.0,8098.0,7426.0
2001U42,8942.0,8584.0,9449.0,9049.0
2001U43,10544.0,10099.0,8667.0,6351.0
2001U44,9062.0,9395.0,10500.0,8602.0
2001U45,9919.0,8723.0,10068.0,9120.0
2001U46,9998.0,9937.0,9432.0,9379.0
2001U47,10250.0,8751.0,6857.0,7690.0
2001U48,8299.0,8199.0,11755.0,9204.0
2001U49,10193.0,9861.0,9769.0,10452.0
2001U50,10399.0,10289.0,10419.0,10181.0
2001U51,11347.0,10324.0,12571.0,11692.0
2001U52,13712.0,13049.0,13180.0,15381.0
2002U01,5833.0,3704.0,8979.0,9909.0
2002U02,9599.0,8883.0,9617.0,9034.0
2002U03,9878.0,9710.0,12246.0,10872.0
2002U04,8071.0,7122.0,9157.0,9656.0
2002U05,8814.0,9729.0,10724.0,8704.0
2002U06,10176.0,9294.0,9633.0,10394.0
2002U07,10353.0,10872.0,9692.0,9400.0
2002U08,8921.0,9244.0,8191.0,7698.0
2002U09,8681.0,8494.0,8947.0,9420.0
2002U10,10043.0,9287.0,10136.0,9953.0
2002U11,10027.0,10235.0,11187.0,10137.0
2002U12,11321.0,10383.0,11824.0,12023.0
2002U13,13907.0,13752.0,14634.0,14658.0
2002U14,5603.0,5353.0,9512.0,11607.0
2002U15,9775.0,9537.0,9227.0,8558.0
2002U16,9673.0,9146.0,10794.0,10225.0
2002U17,10545.0,10646.0,7742.0,12375.0
2002U18,11134.0,9269.0,10890.0,9588.0
2002U19,10244.0,10061.0,9428.0,11275.0
2002U20,11039.0,10301.0,10580.0,10779.0
2002U21,9538.0,9215.0,9966.0,9717.0
2002U22,10821.0,10678.0,11458.0,10898.0
2002U23,12080.0,11090.0,12990.0,10904.0
2002U24,12257.0,12325.0,12351.0,12246.0
2002U25,11732.0,12408.0,14181.0,12702.0
2002U26,15027.0,14963.0,17766.0,16657.0
2002U27,7552.0,8265.0,10808.0,11067.0
2002U28,10967.0,10891.0,10929.0,10826.0
2002U29,9293.0,10891.0,11640.0,10902.0
2002U30,13320.0,11921.0,9929.0,7751.0
2002U31,11073.0,11632.0,11785.0,10955.0
2002U32,10629.0,10533.0,12513.0,11535.0
2002U33,12639.0,11780.0,12245.0,12280.0
2002U34,11275.0,11817.0,10625.0,10242.0
2002U35,10182.0,9884.0,12120.0,11048.0
2002U36,13132.0,12697.0,13516.0,12597.0
2002U37,13279.0,13536.0,13539.0,13935.0
2002U38,13748.0,14335.0,14497.0,13988.0
2002U39,15346.0,15255.0,17716.0,17626.0
2002U40,7752.0,10713.0,11133.0,9309.0
2002U41,11570.0,11853.0,10817.0,10320.0
2002U42,10585.0,10982.0,12801.0,10941.0
2002U43,11899.0,12165.0,12729.0,10941.0
2002U44,8130.0,13763.0,11889.0,9888.0
2002U45,10413.0,13036.0,10992.0,12609.0
2002U46,11833.0,13201.0,12880.0,13159.0
2002U47,13277.0,12160.0,10897.0,12758.0
2002U48,12169.0,11197.0,13788.0,12639.0
2002U49,14804.0,13819.0,14992.0,14613.0
2002U50,16648.0,16079.0,16207.0,16376.0
2002U51,15301.0,15906.0,17327.0,16194.0
2002U52,18710.0,18890.0,22369.0,19953.0
2003U01,9721.0,16499.0,12528.0,11785.0
2003U02,12990.0,13994.0,12883.0,13226.0
2003U03,14382.0,13613.0,15525.0,15829.0
2003U04,17175.0,16395.0,9286.0,18334.0
2003U05,16510.0,15530.0,13019.0,15370.0
2003U06,14425.0,16526.0,15328.0,16542.0
2003U07,17607.0,16993.0,15826.0,16734.0
2003U08,16064.0,16555.0,14355.0,14412.0
2003U09,15064.0,15238.0,15533.0,15317.0
2003U10,16474.0,16542.0,18359.0,17354.0
2003U11,17312.0,18459.0,18298.0,17499.0
2003U12,17795.0,17301.0,18453.0,17867.0
2003U13,19394.0,19372.0,23674.0,21897.0
2003U14,7356.0,23219.0,15684.0,10364.0
2003U15,14010.0,15135.0,13631.0,13732.0
2003U16,13163.0,14332.0,14576.0,13550.0
2003U17,18376.0,15892.0,11291.0,10986.0
2003U18,13438.0,13550.0,13265.0,14289.0
2003U19,14132.0,14217.0,15171.0,14456.0
2003U20,14940.0,14847.0,13309.0,13330.0
2003U21,14102.0,14217.0,13509.0,14098.0
2003U22,13734.0,12572.0,15530.0,13675.0
2003U23,16791.0,16403.0,18859.0,18020.0
2003U24,18727.0,18487.0,18051.0,18442.0
2003U25,18734.0,18068.0,18020.0,17751.0
2003U26,18384.0,17907.0,23617.0,21121.0
2003U27,7100.0,22644.0,15118.0,9341.0
2003U28,13699.0,14505.0,13053.0,13784.0
2003U29,14324.0,13190.0,15949.0,15963.0
2003U30,16449.0,15975.0,17313.0,16159.0
2003U31,12057.0,19722.0,14590.0,14614.0
2003U32,15695.0,15636.0,14444.0,16593.0
2003U33,15355.0,16919.0,17145.0,17308.0
2003U34,15256.0,15108.0,14297.0,14452.0
2003U35,15634.0,15439.0,16726.0,15710.0
2003U36,17045.0,16287.0,17405.0,17009.0
2003U37,17134.0,17142.0,17925.0,17554.0
2003U38,17873.0,17091.0,17877.0,16848.0
2003U39,18451.0,17687.0,21210.0,20184.0
2003U40,8305.0,18822.0,15622.0,9466.0
2003U41,16444.0,15946.0,14693.0,14810.0
2003U42,15864.0,14634.0,15920.0,16173.0
2003U43,19019.0,17767.0,12240.0,20283.0
2003U44,17988.0,15764.0,16206.0,16066.0
2003U45,15948.0,17602.0,16364.0,18209.0
2003U46,17313.0,16613.0,16383.0,16036.0
2003U47,15205.0,15214.0,15267.0,14930.0
2003U48,14226.0,13878.0,16971.0,15798.0
2003U49,17227.0,17353.0,19057.0,17706.0
2003U50,18598.0,18914.0,18992.0,18604.0
2003U51,19201.0,20108.0,18705.0,18118.0
2003U52,18889.0,18125.0,20949.0,19802.0
2004U01,10494.0,20207.0,14173.0,9593.0
2004U02,16115.0,14655.0,14839.0,15700.0
2004U03,14682.0,14323.0,16087.0,14627.0
2004U04,17936.0,16059.0,13750.0,10405.0
2004U05,16367.0,15627.0,15425.0,15169.0
2004U06,17283.0,14032.0,16324.0,12320.0
2004U07,12500.0,15456.0,13845.0,14209.0
2004U08,11925.0,12619.0,13629.0,13694.0
2004U09,15413.0,14947.0,16680.0,16386.0
2004U10,16810.0,16188.0,18559.0,18063.0
2004U11,19426.0,19576.0,16770.0,18261.0
2004U12,16888.0,17137.0,17125.0,18472.0
2004U13,18734.0,18009.0,18476.0,19131.0
2004U14,15026.0,19450.0,11950.0,10408.0
2004U15,14219.0,13217.0,14426.0,14137.0
2004U16,14775.0,14901.0,15774.0,15311.0
2004U17,15294.0,15606.0,17821.0,16351.0
2004U18,11516.0,18658.0,13791.0,14381.0
2004U19,14305.0,12105.0,13773.0,13034.0
2004U20,12787.0,14551.0,13724.0,13680.0
2004U21,15795.0,14485.0,14428.0,14234.0
2004U22,16311.0,15251.0,17023.0,17373.0
2004U23,18043.0,16988.0,19307.0,18273.0
2004U24,19317.0,18876.0,18213.0,18964.0
2004U25,20343.0,18824.0,19123.0,19574.0
2004U26,19795.0,19542.0,21601.0,20927.0
2004U27,19386.0,24582.0,14259.0,9901.0
2004U28,16479.0,17007.0,17266.0,17441.0
2004U29,15052.0,16515.0,15230.0,15688.0
2004U30,17862.0,15825.0,11423.0,19138.0
2004U31,15751.0,13953.0,14510.0,15094.0
2004U32,14991.0,13735.0,15363.0,14951.0
2004U33,16732.0,16826.0,16297.0,16548.0
2004U34,17914.0,16929.0,17286.0,17402.0
2004U35,17466.0,17367.0,19004.0,18978.0
2004U36,17501.0,18551.0,18489.0,17919.0
2004U37,19344.0,17736.0,19237.0,19999.0
2004U38,19103.0,20828.0,18638.0,19305.0
2004U39,19701.0,19468.0,21773.0,19860.0
2004U40,21874.0,23046.0,12098.0,9179.0
2004U41,15367.0,16968.0,16333.0,17427.0
2004U42,17634.0,17688.0,15192.0,17103.0
2004U43,14472.0,14387.0,17460.0,16569.0
2004U44,19916.0,17409.0,16037.0,12499.0
2004U45,16315.0,16133.0,18992.0,16127.0
2004U46,15457.0,17473.0,17756.0,15627.0
2004U47,15805.0,17510.0,16754.0,16630.0
2004U48,19422.0,18839.0,19510.0,19035.0
2004U49,19995.0,20732.0,21666.0,20918.0
2004U50,22761.0,22100.0,21887.0,21618.0
2004U51,21587.0,21025.0,19393.0,21899.0
2004U52,21543.0,20563.0,20399.0,21783.0
2004U53,20352.0,22556.0,11249.0,8714.0
2005U01,17512.0,16141.0,16259.0,16034.0
2005U02,17375.0,15452.0,16153.0,15504.0
2005U03,18009.0,14891.0,15676.0,15332.0
2005U04,11992.0,16955.0,16029.0,15119.0
2005U05,15927.0,15212.0,15417.0,16824.0
2005U06,13442.0,16342.0,16081.0,17174.0
2005U07,16147.0,15888.0,17391.0,18090.0
2005U08,16616.0,16482.0,17910.0,18471.0
2005U09,18760.0,18922.0,21188.0,21788.0
2005U10,20748.0,20791.0,22748.0,23535.0
2005U11,21738.0,21602.0,21382.0,21486.0
2005U12,21750.0,20136.0,23507.0,21964.0
2005U13,24827.0,24043.0,13597.0,14127.0
2005U14,18720.0,18590.0,20045.0,19141.0
2005U15,20115.0,19322.0,16754.0,19128.0
2005U16,16959.0,17969.0,20495.0,17699.0
2005U17,15144.0,14286.0,16234.0,17979.0
2005U18,14137.0,14629.0,14746.0,14863.0
2005U19,17993.0,15977.0,17738.0,17277.0
2005U20,18688.0,19385.0,17066.0,18410.0
2005U21,19460.0,19289.0,21558.0,20239.0
2005U22,23881.0,22000.0,26422.0,24787.0
2005U23,26728.0,25827.0,25798.0,26410.0
2005U24,22881.0,24509.0,25120.0,24174.0
2005U25,24388.0,24527.0,23677.0,24322.0
2005U26,25735.0,23597.0,14360.0,18099.0
2005U27,17600.0,18114.0,18163.0,17699.0
2005U28,17680.0,17327.0,17513.0,17933.0
2005U29,16738.0,16643.0,17129.0,17326.0
2005U30,17628.0,16023.0,13181.0,12041.0
2005U31,13902.0,14245.0,13367.0,16113.0
2005U32,16537.0,14301.0,15317.0,13618.0
2005U33,16407.0,16619.0,17935.0,16656.0
2005U34,18358.0,18927.0,20183.0,18577.0
2005U35,24160.0,22368.0,25032.0,24010.0
2005U36,27882.0,25816.0,24934.0,26236.0
2005U37,25004.0,25531.0,23740.0,23779.0
2005U38,22962.0,24421.0,22316.0,22492.0
2005U39,24342.0,23460.0,13731.0,18401.0
2005U40,15402.0,14932.0,16916.0,16564.0
2005U41,15269.0,16946.0,14905.0,14851.0
2005U42,13901.0,15004.0,15972.0,13786.0
2005U43,11722.0,17460.0,16060.0,15265.0
2005U44,13735.0,17281.0,11512.0,15822.0
2005U45,15666.0,15492.0,17359.0,18299.0
2005U46,17238.0,16792.0,17844.0,19220.0
2005U47,19604.0,17898.0,21060.0,20469.0
2005U48,24089.0,22698.0,25523.0,25260.0
2005U49,24851.0,25480.0,25979.0,24952.0
2005U50,24609.0,24679.0,24437.0,26459.0
2005U51,24833.0,23852.0,22910.0,22141.0
2005U52,24551.0,22243.0,10440.0,18480.0
2006U01,16016.0,12105.0,15342.0,14622.0
2006U02,15862.0,13511.0,10687.0,13639.0
2006U03,14487.0,12959.0,13493.0,14619.0
2006U04,11675.0,9512.0,11766.0,13015.0
2006U05,11511.0,12923.0,11698.0,10617.0
2006U06,15060.0,12567.0,16797.0,16605.0
2006U07,17377.0,18125.0,18421.0,19201.0
2006U08,21986.0,18177.0,20669.0,22624.0
2006U09,24242.0,21367.0,26416.0,25506.0
2006U10,28673.0,27899.0,26543.0,29238.0
2006U11,25561.0,25180.0,25749.0,24910.0
2006U12,22825.0,23871.0,25376.0,23333.0
2006U13,25658.0,25742.0,9134.0,22450.0
2006U14,15939.0,11364.0,15564.0,17325.0
2006U15,15184.0,16370.0,15536.0,15966.0
2006U16,17116.0,18067.0,31.12,30.98
2006U17,30.95,31.03,32.53,31.3
2006U18,32.19,32.46,32.0,32.04
2006U19,33.77,33.29,34.61,34.11
2006U20,34.45,34.12,37.69,35.56
2006U21,37.32,37.94,34.63,35.4
2006U22,34.39,34.0,36.0,35.33
2006U23,35.33,35.23,35.86,35.31
2006U24,35.44,36.09,33.46,34.07
2006U25,30.65,32.03,29.33,29.51
2006U26,28.44,29.18,27.01,27.76
2006U27,27.22,27.13,26.88,27.2
2006U28,26.43,26.65,27.6,26.71
2006U29,28.35,27.93,27.32,28.04
2006U30,26.16,26.58,26.73,26.27
2006U31,27.15,26.85,28.0,27.44
2006U32,28.08,28.09,26.98,27.21
2006U33,27.79,27.77,27.46,27.77
2006U34,27.28,27.36,27.12,27.13
2006U35,26.75,27.07,26.97,27.03
2006U36,26.19,26.69,26.2,26.31
2006U37,26.71,26.32,26.02,26.05
2006U38,25.92,25.91,25.15,25.66
2006U39,24.55,25.08,24.43,24.66
2006U40,23.28,23.98,23.09,23.5
2006U41,22.95,23.22,22.8,22.71
2006U42,22.75,22.86,22.51,23.21
2006U43,22.96,22.28,22.28,22.65
2006U44,22.65,22.39,23.05,22.73
2006U45,23.94,23.57,24.04,23.79
2006U46,24.03,23.87,23.97,23.96
2006U47,24.7,24.0,24.75,25.21
2006U48,23.63,24.24,23.18,23.44
2006U49,22.7,22.82,22.93,22.8
2006U50,24.1,23.25,24.22,24.05
2006U51,23.37,23.48,23.55,23.71
2006U52,23.74,23.85,23.22,23.68
2007U01,23.09,22.93,22.62,22.78
2007U02,21.94,22.47,23.0,22.45
2007U03,23.5,23.39,23.19,22.93
2007U04,22.51,22.78,22.62,22.68
2007U05,22.99,22.97,23.14,22.52
2007U06,23.05,22.91,23.5,23.44
2007U07,22.69,22.84,22.67,22.95
2007U08,22.4,22.43,21.35,22.2
2007U09,19.43,19.27,18.6,18.76
2007U10,17.46,17.67,18.07,18.26
2007U11,18.05,18.09,18.81,18.48
2007U12,20.41,19.65,21.17,20.86
2007U13,22.21,21.78,22.6,22.67
2007U14,21.72,22.58,20.47,21.03
2007U15,21.22,20.66,21.24,21.24
2007U16,20.9,20.61,22.09,22.06
2007U17,21.93,22.25,22.71,21.86
2007U18,23.26,23.3,23.2,23.05
2007U19,24.35,23.77,24.88,24.73
2007U20,24.99,25.1,24.82,25.08
2007U21,23.81,24.37,23.22,23.71
2007U22,22.06,22.91,21.61,21.61
2007U23,21.06,21.25,21.73,21.25
2007U24,23.43,22.46,22.83,23.45
2007U25,22.08,22.39,22.51,22.29
2007U26,22.04,22.47,21.37,21.46
2007U27,20.46,20.86,19.94,20.11
2007U28,20.47,20.44,21.79,21.06
2007U29,23.67,22.88,23.29,23.57
2007U30,22.87,22.67,24.5,23.75
2007U31,24.98,24.99,24.86,25.05
2007U32,24.33,24.44,25.22,25.13
2007U33,25.27,25.56,24.9,24.9
2007U34,25.27,24.59,25.98,26.4
2007U35,27.82,25.36,27.67,28.17
2007U36,28.15,26.57,29.62,29.28
2007U37,27.97,29.58,28.0,27.86
2007U38,28.36,27.91,26.6,27.67
2007U39,25.53,25.67,26.24,25.67
2007U40,26.54,26.43,26.1,26.54
2007U41,25.89,25.51,28.7,27.07
2007U42,27.3,28.08,25.96,26.79
2007U43,26.54,25.7,27.21,28.54
2007U44,26.53,26.68,28.66,27.55
2007U45,30.48,29.78,32.81,31.18
2007U46,34.68,34.82,34.97,34.58
2007U47,36.28,36.48,40.03,37.0
2007U48,40.5,40.76,43.05,41.07
2007U49,38.57,42.51,39.0,37.91
2007U50,37.85,38.13,36.8,37.24
2007U51,33.29,36.12,31.2,31.17
2007U52,29.19,30.67,28.65,28.06
2008U01,28.59,29.24,27.02,27.57
2008U02,28.19,26.85,28.04,28.73
2008U03,27.11,27.55,28.37,28.26
2008U04,29.13,28.38,27.5,28.33
2008U05,28.91,27.19,28.3,30.62
2008U06,29.56,28.22,28.78,29.17
2008U07,29.82,29.22,27.32,28.76
2008U08,26.99,27.33,26.17,26.54
2008U09,25.83,26.17,25.21,25.33
2008U10,24.53,24.77,25.56,24.87
2008U11,26.33,25.73,28.95,28.11
2008U12,26.96,27.52,26.43,26.95
2008U13,24.49,25.36,24.39,24.77
2008U14,23.69,23.99,23.7,23.9
2008U15,24.89,24.22,25.17,25.14
2008U16,25.98,25.21,29.0,28.79
2008U17,25.07,26.77,25.18,24.69
2008U18,26.14,25.35,24.94,25.92
2008U19,26.96,25.71,27.21,28.03
2008U20,26.13,26.41,25.47,25.6
2008U21,28.61,26.87,25.96,27.35
2008U22,25.33,25.23,27.18,27.28
2008U23,26.49,25.98,29.81,29.05
2008U24,28.59,29.41,30.21,29.85
2008U25,26.45,28.1,29.94,27.99
2008U26,26.98,28.1,26.79,26.32
2008U27,26.61,27.15,26.06,27.46
2008U28,26.05,25.24,27.37,28.01
2008U29,26.83,26.08,31.42,29.95
2008U30,27.44,29.64,28.6,27.92
2008U31,27.65,28.16,29.79,27.49
2008U32,30.94,29.08,30.1,31.28
2008U33,33.7,30.05,31.56,32.4
2008U34,33.7,32.62,37.34,34.16
2008U35,33.15,35.55,36.76,35.03
2008U36,36.1,35.73,38.36,36.65
2008U37,34.21,37.97,30.44,31.32
2008U38,29.1,30.32,30.91,29.83
2008U39,28.31,29.76,27.9,28.47
2008U40,26.07,26.81,27.72,27.51
2008U41,28.2,28.52,27.69,28.55
2008U42,28.95,28.48,30.88,30.68
2008U43,28.17,29.82,29.69,28.92
2008U44,34.23,31.84,33.76,34.88
2008U45,35.87,35.37,35.12,36.65
2008U46,39.26,38.46,37.92,39.6
2008U47,38.87,38.62,41.78,39.51
2008U48,38.03,39.65,38.74,37.16
2008U49,39.09,40.05,40.73,40.07
2008U50,38.49,38.5,39.85,38.85
2008U51,39.58,41.31,37.07,37.62
2008U52,37.86,36.76,36.15,37.2
2009U01,37.31,37.84,36.06,36.11
2009U02,36.3,35.76,38.42,36.05
2009U03,43.46,43.13,40.37,43.24
2009U04,39.96,38.43,38.82,40.44
2009U05,39.71,39.98,41.61,40.81
2009U06,40.56,40.89,40.79,40.44
2009U07,42.2,40.94,43.08,43.61
2009U08,42.21,42.71,38.75,40.05
2009U09,36.08,36.67,33.37,34.11
2009U10,28.54,31.61,33.21,31.2
2009U11,30.62,30.11,29.59,29.35
2009U12,26.55,28.91,27.47,27.27
2009U13,26.59,25.97,24.55,25.23
2009U14,23.01,24.2,24.18,21.63
2009U15,24.16,25.23,26.06,26.15
2009U16,28.49,25.9,26.4,26.9
2009U17,24.95,25.65,25.26,26.71
2009U18,27.51,25.31,29.84,28.49
2009U19,28.64,28.77,28.27,29.07
2009U20,29.61,26.64,28.7,29.34
2009U21,29.11,29.11,31.27,29.06
2009U22,28.3,29.51,25.92,26.42
2009U23,26.9,27.59,26.9,27.7
2009U24,26.56,26.4,28.31,27.17
2009U25,27.67,27.36,28.6,29.1
2009U26,26.02,26.92,24.28,23.99
2009U27,26.24,26.66,27.02,25.1
2009U28,27.73,26.59,27.15,26.63
2009U29,30.78,29.16,33.11,29.56
2009U30,33.35,33.57,36.51,34.76
2009U31,34.84,35.27,37.03,36.13
2009U32,38.9,38.97,36.02,37.7
2009U33,39.85,37.93,43.23,42.27
2009U34,42.41,42.0,43.51,42.31
2009U35,40.77,43.81,39.22,40.22
2009U36,43.4,41.19,44.26,45.15
2009U37,43.01,45.12,39.92,40.14
2009U38,42.03,43.43,37.31,38.16
2009U39,30.04,33.73,35.87,32.82
2009U40,38.32,35.68,39.7,38.74
2009U41,36.98,38.5,40.17,39.94
2009U42,48.61,45.65,50.58,48.52
2009U43,48.75,50.34,49.72,49.27
2009U44,45.62,46.8,48.76,49.41
2009U45,44.13,46.68,43.63,44.07
2009U46,44.01,43.83,47.4,44.35
2009U47,44.62,46.29,40.28,42.03
2009U48,38.83,39.37,37.51,37.65
2009U49,33.6,36.47,41.66,37.6
2009U50,42.23,42.26,37.48,37.7
2009U51,34.95,35.82,35.71,34.87
2009U52,34.05,34.43,35.59,35.43
2009U53,34.44,34.4,37.06,36.51
2010U01,39.95,37.61,43.38,41.76
2010U02,46.84,45.29,47.2,42.36
2010U03,45.77,45.57,44.31,46.28
2010U04,43.43,39.78,41.76,44.78
2010U05,41.14,39.1,41.79,42.47
2010U06,42.3,40.32,39.35,42.24
2010U07,39.25,37.62,39.96,36.99
2010U08,37.92,38.65,41.51,38.77
2010U09,40.94,42.69,42.26,39.76
2010U10,46.23,44.81,46.68,45.63
2010U11,41.74,46.63,43.03,39.06
2010U12,41.54,43.18,40.07,40.39
2010U13,42.43,43.09,41.86,41.06
2010U14,42.52,42.98,48.79,44.51
2010U15,49.05,50.06,53.26,51.3
2010U16,57.27,55.06,54.56,61.64
2010U17,51.27,49.24,56.95,53.21
2010U18,58.48,58.54,57.88,56.07
2010U19,61.98,62.51,55.56,59.03
2010U20,55.65,56.47,62.19,56.88
2010U21,57.41,65.71,64.7,57.91
2010U22,67.4,69.44,70.96,65.02
2010U23,65.12,70.38,57.52,59.41
2010U24,59.23,59.61,56.47,56.36
2010U25,52.78,55.28,55.39,53.36
2010U26,59.67,58.64,61.5,61.36
2010U27,59.63,60.65,62.46,63.57
2010U28,66.44,62.94,73.09,69.28
2010U29,75.25,73.53,72.5,72.42
2010U30,66.01,70.35,64.08,64.96
2010U31,59.55,63.2,61.98,58.36
2010U32,62.7,63.76,65.13,62.82
2010U33,62.17,64.85,70.18,65.79
2010U34,72.17,72.47,69.91,66.02
2010U35,68.96,67.87,65.71,69.36
2010U36,65.12,63.22,60.55,62.11
2010U37,55.63,59.53,54.89,56.8
2010U38,53.85,55.56,57.21,55.3
2010U39,54.52,56.61,53.17,55.32
2010U40,51.25,49.05,49.02,53.89
2010U41,53.36,48.65,54.73,53.76
2010U42,58.52,56.23,55.46,57.28
2010U43,56.86,56.96,56.52,54.69
2010U44,65.16,62.2,67.94,67.57
2010U45,71.75,65.12,68.21,71.5
2010U46,66.79,67.32,75.4,71.16
2010U47,73.71,76.09,61.34,66.17
2010U48,61.7,65.0,58.55,58.25
2010U49,55.14,55.4,57.44,56.07
2010U50,53.62,57.33,57.43,52.99
2010U51,62.1,62.6,59.15,60.28
2010U52,58.49,57.93,57.77,58.95
2011U01,57.37,59.07,53.84,55.9
2011U02,59.5,55.76,58.2,58.87
2011U03,66.66,65.15,62.88,63.9
2011U04,57.41,60.83,56.82,56.73
2011U05,65.65,60.0,71.55,72.45
2011U06,65.13,67.78,67.33,68.21
2011U07,69.53,71.45,61.94,62.85
2011U08,61.33,65.48,61.85,58.52
2011U09,64.09,69.9,61.06,60.12
2011U10,60.18,64.64,54.13,56.16
2011U11,55.05,54.45,55.1,51.82
2011U12,50.8,53.07,47.73,48.62
2011U13,50.7,46.83,53.87,54.66
2011U14,54.48,52.99,61.56,58.63
2011U15,63.72,63.25,75.05,68.76
2011U16,78.2,77.04,76.38,77.63
2011U17,70.25,75.53,64.49,65.56
2011U18,72.8,68.42,66.17,67.74
2011U19,58.95,61.29,59.34,60.04
2011U20,56.46,56.11,54.66,55.85
2011U21,65.46,59.17,69.23,64.28
2011U22,61.92,69.94,59.81,59.01
2011U23,52.68,58.69,49.72,52.23
2011U24,51.7,49.62,49.25,52.61
2011U25,49.46,48.9,50.77,48.5
2011U26,48.58,49.83,48.04,50.0
2011U27,46.9,47.09,48.58,47.98
2011U28,46.35,47.67,46.24,46.09
2011U29,54.01,50.22,46.55,50.38
2011U30,47.94,49.81,51.21,47.31
2011U31,55.51,51.07,62.79,63.31
2011U32,62.06,59.97,65.17,65.25
2011U33,61.13,60.99,65.06,65.74
2011U34,68.48,71.08,59.59,63.53
2011U35,61.45,57.64,59.17,60.12
2011U36,64.69,59.85,62.03,66.05
2011U37,59.08,58.52,54.08,56.91
2011U38,52.3,54.41,52.88,53.43
2011U39,55.33,53.54,59.63,58.39
2011U40,56.09,57.98,58.13,54.86
2011U41,61.11,61.84,71.77,65.06
2011U42,68.38,71.32,72.05,67.32
2011U43,70.56,72.97,77.55,74.42
2011U44,87.92,87.6,83.23,83.75
2011U45,83.53,78.28,93.21,84.16
2011U46,98.93,94.63,108.21,107.75
2011U47,92.71,97.65,95.88,95.13
2011U48,98.43,96.66,93.13,97.43
2011U49,88.52,90.29,74.23,80.74
2011U50,73.83,75.23,64.62,69.86
2011U51,61.8,61.94,64.55,64.49
2011U52,69.38,65.67,72.09,72.88
2012U01,70.76,70.64,70.55,68.43
2012U02,81.7,78.0,77.35,77.77
2012U03,86.33,74.71,97.51,89.67
2012U04,89.77,94.98,93.3,93.07
2012U05,112.46,103.22,118.23,119.48
2012U06,117.32,122.88,109.21,111.04
2012U07,120.57,113.39,112.37,111.63
2012U08,110.87,108.66,112.95,108.65
2012U09,100.75,110.08,92.04,89.46
2012U10,97.02,94.9,86.14,92.67
2012U11,80.26,83.28,76.87,78.14
2012U12,76.81,75.15,76.93,77.05
2012U13,82.68,80.54,85.69,81.28
2012U14,81.11,83.27,81.52,81.99
2012U15,85.52,83.51,87.82,86.73
2012U16,100.7,91.03,108.85,112.9
2012U17,104.48,99.87,106.91,109.18
2012U18,111.25,107.78,107.29,109.58
2012U19,106.78,106.19,120.04,115.19
2012U20,121.22,123.28,119.65,113.18
2012U21,120.83,122.05,104.9,118.07
2012U22,84.87,92.2,79.29,85.58
2012U23,79.78,78.24,81.55,81.46
2012U24,80.41,81.19,76.82,80.89
2012U25,73.08,73.93,74.57,74.12
2012U26,69.7,73.23,76.02,72.76
2012U27,76.49,77.59,81.68,77.8
2012U28,89.32,86.59,90.74,87.46
2012U29,111.82,92.15,117.77,125.36
2012U30,98.43,105.08,92.18,94.49
2012U31,92.97,93.23,87.0,92.67
2012U32,216.0,383.0,393.0,633.0
2012U33,265.0,453.0,542.0,344.0
2012U34,738.0,490.0,747.0,820.0
2012U35,869.0,456.0,329.0,505.0
2012U36,367.0,611.0,693.0,575.0
2012U37,383.0,769.0,838.0,500.0
2012U38,482.0,824.0,767.0,603.0
2012U39,556.0,622.0,512.0,385.0
2012U40,620.0,549.0,591.0,687.0
2012U41,803.0,969.0,923.0,849.0
2012U42,1013.0,839.0,689.0,827.0
2012U43,849.0,772.0,945.0,944.0
2012U44,428.0,1063.0,285.0,1004.0
2012U45,690.0,451.0,632.0,823.0
2012U46,655.0,810.0,730.0,821.0
2012U47,630.0,946.0,788.0,661.0
2012U48,487.0,702.0,660.0,756.0
2012U49,336.0,514.0,546.0,421.0
2012U50,605.0,373.0,550.0,457.0
2012U51,723.0,570.0,576.0,609.0
2012U52,380.0,448.0,395.0,481.0
2013U01,724.0,560.0,725.0,752.0
2013U02,871.0,869.0,558.0,548.0
2013U03,661.0,719.0,765.0,692.0
2013U04,1043.0,782.0,1060.0,1348.0
2013U05,1093.0,1217.0,323.0,1543.0
2013U06,619.0,385.0,699.0,678.0
2013U07,826.0,156.0,727.0,716.0
2013U08,646.0,878.0,826.0,1021.0
2013U09,596.0,523.0,635.0,656.0
2013U10,511.0,542.0,564.0,400.0
2013U11,858.0,759.0,962.0,806.0
2013U12,782.0,851.0,793.0,946.0
2013U13,620.0,460.0,520.0,645.0
2013U14,514.0,589.0,661.0,787.0
2013U15,776.0,756.0,710.0,720.0
2013U16,597.0,1070.0,681.0,694.0
2013U17,714.0,639.0,1198.0,1004.0
2013U18,1193.0,1311.0,141.0,1372.0
2013U19,518.0,65.0,763.0,592.0
2013U20,981.0,741.0,932.0,605.0
2013U21,1025.0,484.0,827.0,710.0
2013U22,809.0,974.0,524.0,714.0
2013U23,554.0,591.0,701.0,638.0
2013U24,748.0,1044.0,601.0,639.0
2013U25,1046.0,830.0,1122.0,1129.0
2013U26,785.0,989.0,523.0,737.0
2013U27,854.0,794.0,1271.0,1080.0
2013U28,1179.0,1061.0,876.0,1255.0
2013U29,924.0,623.0,1080.0,1062.0
2013U30,1208.0,1152.0,1238.0,1178.0
2013U31,1213.0,1431.0,410.0,1199.0
2013U32,630.0,69.0,1015.0,863.0
2013U33,1095.0,1100.0,758.0,680.0
2013U34,906.0,840.0,863.0,838.0
2013U35,859.0,682.0,428.0,528.0
2013U36,751.0,559.0,975.0,512.0
2013U37,950.0,750.0,1041.0,785.0
2013U38,1118.0,1032.0,1162.0,1273.0
2013U39,748.0,1159.0,753.0,750.0
2013U40,811.0,553.0,1020.0,958.0
2013U41,1224.0,1013.0,1171.0,1107.0
2013U42,1096.0,1270.0,895.0,1073.0
2013U43,1263.0,1341.0,1009.0,1177.0
2013U44,1423.0,1112.0,847.0,1027.0
2013U45,349.0,556.0,756.0,476.0
2013U46,934.0,1050.0,1021.0,887.0
2013U47,936.0,650.0,1074.0,752.0
2013U48,784.0,757.0,826.0,852.0
2013U49,748.0,509.0,493.0,548.0
2013U50,718.0,1052.0,446.0,585.0
2013U51,538.0,333.0,740.0,550.0
2013U52,615.0,661.0,270.0,443.0
2014U01,438.0,376.0,590.0,522.0
2014U02,778.0,504.0,986.0,928.0
2014U03,1025.0,973.0,766.0,1013.0
2014U04,993.0,1293.0,974.0,1497.0
2014U05,1439.0,1701.0,851.0,1353.0
2014U06,236.0,555.0,1734.0,739.0
2014U07,1179.0,1027.0,1261.0,1108.0
2014U08,1202.0,929.0,891.0,1093.0
2014U09,677.0,970.0,465.0,547.0
2014U10,513.0,421.0,452.0,512.0
2014U11,780.0,340.0,514.0,756.0
2014U12,729.0,591.0,568.0,514.0
2014U13,732.0,370.0,562.0,462.0
2014U14,606.0,453.0,561.0,618.0
2014U15,956.0,543.0,1108.0,1539.0
2014U16,1064.0,1015.0,1097.0,816.0
2014U17,850.0,1296.0,1544.0,1225.0
2014U18,1314.0,1117.0,1039.0,811.0
2014U19,141.0,592.0,921.0,615.0
2014U20,1117.0,671.0,1232.0,1440.0
2014U21,933.0,747.0,1014.0,863.0
2014U22,1061.0,724.0,472.0,775.0
2014U23,526.0,760.0,687.0,1043.0
2014U24,877.0,623.0,592.0,731.0
2014U25,826.0,706.0,845.0,939.0
2014U26,905.0,669.0,1020.0,915.0
2014U27,946.0,887.0,1247.0,650.0
2014U28,1020.0,1106.0,718.0,806.0
2014U29,1510.0,1031.0,1035.0,881.0
2014U30,1270.0,939.0,1252.0,1333.0
2014U31,1537.0,1559.0,1020.0,1482.0
2014U32,242.0,410.0,560.0,347.0
2014U33,753.0,435.0,1066.0,1352.0
2014U34,468.0,830.0,894.0,827.0
2014U35,454.0,363.0,588.0,395.0
2014U36,498.0,549.0,683.0,410.0
2014U37,646.0,756.0,787.0,829.0
2014U38,745.0,1032.0,1093.0,1105.0
2014U39,558.0,808.0,738.0,435.0
2014U40,470.0,414.0,606.0,489.0
2014U41,637.0,517.0,694.0,779.0
2014U42,1084.0,909.0,968.0,696.0
2014U43,910.0,840.0,1190.0,845.0
2014U44,1369.0,1379.0,787.0,1392.0
2014U45,129.0,267.0,642.0,388.0
2014U46,836.0,629.0,517.0,457.0
2014U47,672.0,814.0,875.0,658.0
2014U48,638.0,476.0,507.0,742.0
2014U49,595.0,371.0,347.0,492.0
2014U50,332.0,427.0,446.0,506.0
2014U51,458.0,604.0,499.0,427.0
2014U52,396.0,431.0,395.0,452.0
2015U01,663.0,474.0,986.0,787.0
2015U02,1025.0,1038.0,1028.0,655.0
2015U03,1082.0,1024.0,1078.0,1038.0
2015U04,1397.0,1153.0,1403.0,922.0
2015U05,1221.0,988.0,1002.0,1685.0
2015U06,388.0,425.0,674.0,456.0
2015U07,1098.0,1003.0,883.0,982.0
2015U08,654.0,917.0,652.0,508.0
2015U09,667.0,584.0,302.0,383.0
2015U10,373.0,530.0,454.0,462.0
2015U11,332.0,499.0,576.0,531.0
2015U12,993.0,874.0,653.0,859.0
2015U13,665.0,905.0,779.0,740.0
2015U14,582.0,727.0,570.0,549.0
2015U15,795.0,671.0,678.0,882.0
2015U16,891.0,1076.0,962.0,1082.0
2015U17,1294.0,1288.0,1414.0,1320.0
2015U18,1888.0,1317.0,680.0,983.0
2015U19,483.0,537.0,789.0,518.0
2015U20,913.0,1014.0,780.0,1050.0
2015U21,512.0,870.0,630.0,805.0
2015U22,720.0,634.0,753.0,756.0
2015U23,299.0,773.0,306.0,222.0
2015U24,334.0,320.0,790.0,843.0
2015U25,925.0,914.0,941.0,889.0
2015U26,1109.0,1048.0,760.0,1033.0
2015U27,859.0,516.0,722.0,532.0
2015U28,493.0,831.0,993.0,993.0
2015U29,1101.0,978.0,966.0,1425.0
2015U30,1440.0,1062.0,1234.0,1051.0
2015U31,1105.0,1221.0,1240.0,956.0
2015U32,405.0,535.0,755.0,483.0
2015U33,767.0,1331.0,700.0,775.0
2015U34,1062.0,685.0,731.0,631.0
2015U35,597.0,775.0,507.0,814.0
2015U36,433.0,570.0,400.0,415.0
2015U37,542.0,665.0,455.0,642.0
2015U38,1230.0,722.0,1023.0,1071.0
2015U39,578.0,659.0,796.0,612.0
2015U40,746.0,904.0,840.0,455.0
2015U41,787.0,756.0,902.0,645.0
2015U42,1461.0,864.0,876.0,898.0
2015U43,954.0,941.0,902.0,943.0
2015U44,1058.0,1002.0,772.0,1047.0
2015U45,158.0,888.0,553.0,204.0
2015U46,838.0,814.0,485.0,575.0
2015U47,474.0,382.0,359.0,639.0
2015U48,433.0,455.0,228.0,357.0
2015U49,309.0,221.0,266.0,315.0
2015U50,322.0,275.0,528.0,253.0
2015U51,548.0,404.0,650.0,484.0
2015U52,386.0,356.0,549.0,444.0
2015U53,580.0,442.0,539.0,580.0
2016U01,737.0,515.0,1136.0,1032.0
2016U02,1330.0,1490.0,1247.0,1274.0
2016U03,1258.0,1283.0,1142.0,1121.0
2016U04,1215.0,1368.0,738.0,876.0
2016U05,111.0,695.0,352.0,143.0
2016U06,465.0,521.0,535.0,538.0
2016U07,241.0,397.0,446.0,284.0
2016U08,378.0,506.0,431.0,391.0
2016U09,212.0,473.0,445.0,174.0
2016U10,347.0,371.0,623.0,638.0
2016U11,718.0,684.0,900.0,800.0
2016U12,825.0,906.0,342.0,628.0
2016U13,542.0,447.0,967.0,802.0
2016U14,1009.0,856.0,790.0,1199.0
2016U15,1509.0,1058.0,1139.0,1054.0
2016U16,792.0,989.0,759.0,860.0
2016U17,1101.0,776.0,790.0,590.0
2016U18,266.0,542.0,379.0,114.0
2016U19,439.0,505.0,646.0,469.0
2016U20,594.0,557.0,681.0,514.0
2016U21,502.0,724.0,335.0,463.0
2016U22,824.0,292.0,648.0,463.0
2016U23,508.0,397.0,460.0,428.0
2016U24,653.0,498.0,487.0,447.0
2016U25,383.0,525.0,384.0,522.0
2016U26,522.0,225.0,429.0,374.0
2016U27,357.0,340.0,348.0,391.0
2016U28,734.0,623.0,651.0,598.0
2016U29,602.0,688.0,507.0,560.0
2016U30,591.0,681.0,434.0,563.0
2016U31,134.0,427.0,297.0,107.0
2016U32,445.0,414.0,575.0,334.0
2016U33,315.0,337.0,296.0,405.0
2016U34,395.0,377.0,173.0,333.0
2016U35,316.0,314.0,337.0,359.0
2016U36,286.0,240.0,79.0,200.0
2016U37,319.0,283.0,253.0,258.0
2016U38,332.0,270.0,272.0,154.0
2016U39,441.0,317.0,369.0,374.0
2016U40,281.0,409.0,714.0,710.0
2016U41,987.0,661.0,635.0,785.0
2016U42,496.0,500.0,412.0,336.0
2016U43,393.0,556.0,415.0,860.0
2016U44,363.0,419.0,286.0,101.0
2016U45,360.0,263.0,272.0,334.0
2016U46,458.0,584.0,649.0,521.0
2016U47,629.0,387.0,693.0,735.0
2016U48,331.0,396.0,196.0,291.0
2016U49,534.0,364.0,437.0,485.0
2016U50,230.0,436.0,434.0,345.0
2016U51,182.0,445.0,225.0,397.0
2016U52,302.0,190.0,239.0,195.0
2017U01,366.0,435.0,285.0,374.0
2017U02,584.0,553.0,569.0,472.0
2017U03,506.0,511.0,545.0,527.0
2017U04,562.0,541.0,646.0,675.0
2017U05,459.0,585.0,158.0,190.0
2017U06,363.0,296.0,402.0,301.0
2017U07,317.0,372.0,526.0,365.0
2017U08,253.0,470.0,264.0,281.0
2017U09,237.0,187.0,190.0,240.0
2017U10,256.0,310.0,272.0,304.0
2017U11,281.0,317.0,268.0,291.0
2017U12,393.0,358.0,655.0,417.0
2017U13,294.0,351.0,486.0,395.0
2017U14,574.0,495.0,385.0,387.0
2017U15,308.0,241.0,435.0,330.0
2017U16,536.0,442.0,346.0,371.0
2017U17,435.0,500.0,475.0,401.0
2017U18,294.0,256.0,95.0,120.0
2017U19,191.0,281.0,315.0,236.0
2017U20,284.0,250.0,353.0,315.0
2017U21,375.0,636.0,210.0,291.0
2017U22,329.0,202.0,255.0,174.0
2017U23,240.0,125.0,302.0,298.0
2017U24,403.0,430.0,268.0,335.0
2017U25,288.0,258.0,226.0,381.0
2017U26,482.0,262.0,408.0,521.0
2017U27,425.0,406.0,669.0,512.0
2017U28,1050.0,790.0,411.0,1201.0
2017U29,460.0,555.0,383.0,647.0
2017U30,568.0,548.0,415.0,596.0
2017U31,505.0,512.0,81.0,93.0
2017U32,373.0,474.0,396.0,273.0
2017U33,334.0,269.0,420.0,447.0
2017U34,258.0,228.0,137.0,157.0
2017U35,135.0,266.0,155.0,141.0
2017U36,233.0,325.0,261.0,238.0
2017U37,359.0,344.0,250.0,428.0
2017U38,227.0,213.0,160.0,117.0
2017U39,331.0,265.0,300.0,282.0
2017U40,380.0,300.0,261.0,235.0
2017U41,408.0,286.0,215.0,474.0
2017U42,412.0,485.0,590.0,366.0
2017U43,291.0,358.0,476.0,496.0
2017U44,428.0,392.0,106.0,66.0
2017U45,422.0,228.0,425.0,262.0
2017U46,629.0,495.0,385.0,415.0
2017U47,351.0,447.0,443.0,276.0
2017U48,235.0,202.0,250.0,161.0
2017U49,267.0,552.0,279.0,479.0
2017U50,237.0,403.0,383.0,368.0
2017U51,360.0,490.0,488.0,335.0
2017U52,253.0,462.0,337.0,199.0
2018U01,640.0,486.0,688.0,556.0
2018U02,640.0,563.0,733.0,660.0
2018U03,640.0,806.0,660.0,486.0
2018U04,793.0,679.0,418.0,730.0
2018U05,578.0,807.0,158.0,378.0
2018U06,523.0,590.0,691.0,495.0
2018U07,320.0,366.0,216.0,428.0
2018U08,202.0,411.0,397.0,252.0
2018U09,374.0,223.0,176.0,81.0
2018U10,239.0,236.0,98.0,395.0
2018U11,355.0,329.0,335.0,432.0
2018U12,425.0,222.0,272.0,475.0
2018U13,438.0,401.0,510.0,261.0
2018U14,719.0,549.0,722.0,585.0
2018U15,501.0,635.0,709.0,573.0
2018U16,466.0,651.0,371.0,722.0
2018U17,553.0,751.0,462.0,518.0
2018U18,503.0,421.0,122.0,280.0
2018U19,391.0,126.0,306.0,246.0
2018U20,270.0,343.0,654.0,415.0
2018U21,693.0,760.0,642.0,598.0
2018U22,298.0,396.0,390.0,394.0
2018U23,253.0,266.0,319.0,409.0
2018U24,388.0,449.0,337.0,260.0
2018U25,299.0,139.0,272.0,276.0
2018U26,285.0,125.0,342.0,302.0
2018U27,250.0,419.0,527.0,448.0
2018U28,538.0,595.0,589.0,573.0
2018U29,589.0,643.0,659.0,646.0
2018U30,465.0,616.0,532.0,475.0
2018U31,304.0,472.0,60.0,283.0
2018U32,475.0,175.0,374.0,358.0
2018U33,487.0,342.0,471.0,367.0
2018U34,493.0,441.0,623.0,511.0
2018U35,463.0,518.0,529.0,617.0
2018U36,244.0,309.0,717.0,476.0
2018U37,564.0,507.0,281.0,433.0
2018U38,545.0,421.0,480.0,296.0
2018U39,576.0,264.0,318.0,565.0
2018U40,424.0,418.0,591.0,495.0
2018U41,665.0,647.0,987.0,578.0
2018U42,793.0,780.0,880.0,677.0
2018U43,708.0,795.0,695.0,627.0
2018U44,682.0,645.0,158.0,519.0
2018U45,393.0,255.0,738.0,645.0
2018U46,706.0,510.0,544.0,740.0
2018U47,538.0,520.0,33.63,32.54
2018U48,34.27,36.06,35.3,33.91
2018U49,36.34,34.49,34.85,36.7
2018U50,36.86,37.93,38.06,37.41
2018U51,36.39,37.76,41.97,38.33
2018U52,40.88,42.15,42.67,43.17
2019U01,43.1,41.36,40.32,41.53
2019U02,40.58,40.86,40.96,39.66
2019U03,41.76,40.3,41.32,42.94
2019U04,38.86,40.15,36.88,38.48
2019U05,36.53,39.17,34.92,36.01
2019U06,34.63,36.47,33.19,34.2
2019U07,32.07,32.42,31.14,31.91
2019U08,30.94,32.48,29.72,33.09
2019U09,31.11,29.11,29.24,28.24
2019U10,28.02,29.01,30.15,29.02
2019U11,29.62,28.3,31.66,30.77
2019U12,28.61,29.06,32.76,28.0
2019U13,30.02,30.62,29.54,29.24
2019U14,27.89,28.44,29.11,29.48
2019U15,30.06,29.21,28.84,29.38
2019U16,27.37,28.06,28.37,27.8
2019U17,26.16,26.84,25.6,25.85
2019U18,24.58,24.77,24.03,23.75
2019U19,22.02,21.97,21.05,21.85
2019U20,19.68,19.62,18.8,19.11
2019U21,18.8,18.47,19.26,18.28
2019U22,18.29,18.88,18.81,18.27
2019U23,18.99,18.99,19.32,19.24
2019U24,19.68,19.98,20.81,21.24
2019U25,21.21,21.52,22.12,22.27
2019U26,22.03,21.98,23.33,23.21
2019U27,24.11,23.81,25.48,25.19
2019U28,23.1,23.52,23.8,24.0
2019U29,24.25,22.59,25.38,25.12
2019U30,25.16,24.3,24.98,25.53
2019U31,24.46,25.41,26.03,25.12
2019U32,26.37,24.56,26.66,26.25
2019U33,24.4,25.05,26.21,25.11
2019U34,28.47,25.17,26.37,25.41
2019U35,25.1,26.02,24.08,24.57
2019U36,24.17,25.21,26.17,24.23
2019U37,24.34,23.78,25.33,25.47
2019U38,25.8,24.58,23.96,23.97
2019U39,24.5,23.54,24.36,23.22
2019U40,23.92,23.74,22.48,22.13
2019U41,20.01,22.23,21.05,21.43
2019U42,21.32,20.81,21.25,21.88
2019U43,23.3,21.58,22.13,22.9
2019U44,24.02,23.3,23.83,22.27
2019U45,25.33,24.96,24.52,24.05
2019U46,23.71,23.48,24.03,23.08
2019U47,23.99,22.9,22.93,21.78
2019U48,23.3,23.77,23.09,23.57
2019U49,23.78,24.1,24.73,23.83
2019U50,24.96,25.33,25.55,25.79
2019U51,26.48,26.06,28.94,25.77
2019U52,27.16,28.09,26.1,26.97
2020U01,25.09,24.62,25.07,24.69
2020U02,24.18,24.5,24.64,23.61
2020U03,24.44,24.41,24.86,26.5
2020U04,24.63,24.19,24.18,25.67
2020U05,24.64,24.45,24.25,24.49
2020U06,23.49,23.81,21.91,22.67
2020U07,22.39,22.78,23.03,22.41
2020U08,23.27,23.1,23.56,23.22
2020U09,23.66,23.48,24.67,24.43
2020U10,24.14,25.49,25.46,24.72
2020U11,24.28,23.88,25.11,23.53
2020U12,25.44,25.03,25.94,25.03
2020U13,24.3,24.02,25.43,25.42
2020U14,25.67,25.25,25.86,25.54
2020U15,26.49,27.07,26.81,27.11
2020U16,27.99,28.47,28.88,28.35
2020U17,30.63,29.6,29.18,31.7
2020U18,30.28,30.61,29.85,29.28
2020U19,30.99,29.83,29.51,29.69
2020U20,30.71,29.4,30.89,30.02
2020U21,30.71,30.07,32.62,29.38
2020U22,29.48,29.41,29.38,30.51
2020U23,29.63,29.34,30.28,30.17
2020U24,31.37,30.83,32.42,31.16
2020U25,33.11,33.12,36.12,33.67
2020U26,36.18,36.35,38.16,39.09
2020U27,40.38,39.77,43.3,41.54
2020U28,46.47,45.92,43.15,43.15
2020U29,44.75,43.67,42.42,43.97
2020U30,42.12,43.55,36.58,41.19
2020U31,37.04,38.26,34.32,34.83
2020U32,35.2,35.22,33.03,34.06
2020U33,30.53,32.32,31.56,30.27
2020U34,30.93,29.96,30.43,29.77
2020U35,30.44,31.14,28.49,31.39
2020U36,27.89,31.82,28.09,29.24
2020U37,29.02,28.77,29.22,27.2
2020U38,28.24,28.53,28.97,27.47
2020U39,30.14,27.79,29.01,28.95
2020U40,29.01,28.21,27.48,28.21
2020U41,25.57,26.28,25.46,25.67
2020U42,23.73,24.1,24.58,25.39
2020U43,27.4,27.43,26.11,27.09
2020U44,26.34,27.31,24.32,25.74
2020U45,24.91,27.73,24.7,25.86
2020U46,25.44,24.92,24.85,25.4
2020U47,25.04,25.35,26.63,25.8
2020U48,24.7,25.92,25.58,26.31
2020U49,26.99,25.57,26.88,26.78
2020U50,26.81,26.49,25.85,27.18
2020U51,26.67,25.81,26.33,27.0
2020U52,26.16,27.97,27.77,26.99
2020U53,27.44,27.0,27.02,28.0
2021U01,28.13,28.48,28.85,28.42
2021U02,30.07,31.08,30.14,28.36
2021U03,31.4,31.99,31.52,29.73
2021U04,31.26,32.94,29.9,30.33
2021U05,31.02,31.95,31.8,32.93
2021U06,29.94,30.51,29.6,30.87
2021U07,30.29,30.93,31.26,29.85
2021U08,29.04,30.54,29.08,27.24
2021U09,30.38,28.06,31.99,29.46
2021U10,30.46,29.63,31.95,31.47
2021U11,29.38,29.5,30.8,30.2
2021U12,34.81,31.31,33.08,33.39
2021U13,35.91,35.87,35.24,35.36
2021U14,37.24,34.49,37.06,36.49
2021U15,37.76,35.97,34.12,35.7
2021U16,35.12,35.33,34.14,33.81
2021U17,33.44,35.14,33.75,34.66
2021U18,32.2,33.34,32.85,32.08
2021U19,31.88,33.87,31.6,31.35
2021U20,32.49,31.98,32.82,32.63
2021U21,32.08,32.54,31.86,31.7
2021U22,33.72,33.02,35.54,35.49
2021U23,35.38,35.53,37.97,36.76
2021U24,37.57,37.22,39.43,37.97
2021U25,38.26,39.32,40.1,38.07
2021U26,45.21,41.23,43.12,43.04
2021U27,42.61,43.85,43.93,44.61
2021U28,41.64,43.0,40.85,40.48
2021U29,41.52,40.69,42.52,43.49
2021U30,40.13,40.5,40.22,41.47
2021U31,40.74,40.26,41.07,39.56
2021U32,40.49,40.7,41.16,40.67
2021U33,41.47,41.08,41.14,40.22
2021U34,41.85,39.64,42.3,42.38
2021U35,43.16,43.0,44.25,43.51
2021U36,43.92,44.47,43.45,42.82
2021U37,42.95,42.47,44.0,40.59
2021U38,40.6,41.06,41.97,39.77
2021U39,41.99,41.5,39.81,39.65
2021U40,38.24,39.45,35.12,37.24
2021U41,35.27,35.1,34.81,34.46
2021U42,33.82,34.74,31.36,33.49
2021U43,32.47,32.68,32.66,31.21
2021U44,29.27,29.74,27.15,27.8
2021U45,28.2,27.53,28.41,27.89
2021U46,28.59,29.33,30.69,29.36
2021U47,28.34,30.21,27.13,28.42
2021U48,27.6,28.09,28.01,27.84
2021U49,28.7,28.97,28.23,29.6
2021U50,29.12,30.21,28.2,30.62
2021U51,31.42,29.46,30.12,28.9
2021U52,29.23,30.92,30.39,32.1
2022U01,31.05,29.34,28.36,29.64
2022U02,28.87,29.72,29.14,29.47
2022U03,30.55,30.38,29.98,29.08
2022U04,29.83,29.4,28.41,29.3
2022U05,29.59,28.09,28.09,29.52
2022U06,29.18,28.91,28.61,30.04
2022U07,28.92,29.62,29.81,28.72
2022U08,30.22,27.16,29.67,30.12
2022U09,33.27,31.88,35.22,33.11
2022U10,36.8,32.61,38.09,38.33
2022U11,38.83,35.12,38.79,38.35
2022U12,42.57,40.88,41.0,40.02
2022U13,42.52,39.45,43.06,42.43
2022U14,41.64,42.09,42.68,43.08
2022U15,43.89,43.29,43.27,43.08
2022U16,40.66,39.76,41.13,41.94
2022U17,40.26,41.63,37.35,36.94
2022U18,38.78,39.39,40.73,39.97
2022U19,40.2,40.35,43.7,42.6
2022U20,41.79,42.4,41.22,43.14
2022U21,44.49,45.44,44.39,44.8
2022U22,47.69,46.98,48.97,46.11
2022U23,47.29,47.49,47.41,46.28
2022U24,45.85,44.18,46.49,44.65
2022U25,44.14,46.09,44.18,46.36
2022U26,43.36,43.99,41.75,42.82
2022U27,39.1,38.94,38.1,39.26
2022U28,43.49,40.22,40.64,43.32
2022U29,39.79,41.42,38.72,40.06
2022U30,39.66,40.35,40.35,40.04
2022U31,42.52,41.19,42.26,42.03
2022U32,42.54,39.01,40.07,43.78
2022U33,44.48,43.06,39.57,44.12
2022U34,46.74,51.14,49.59,46.34
2022U35,45.46,45.25,47.0,46.64
2022U36,45.53,45.61,45.94,44.31
2022U37,39.44,46.43,43.96,43.79
2022U38,43.15,43.06,39.53,42.37
2022U39,40.63,41.13,40.39,40.19
2022U40,41.55,38.64,41.0,43.23
2022U41,41.9,43.16,44.49,45.63
2022U42,42.69,43.77,40.82,46.6
2022U43,42.89,44.99,42.9,39.5
2022U44,42.2,43.16,44.3,43.74
2022U45,46.47,44.09,42.89,47.93
2022U46,47.68,45.24,42.01,49.82
2022U47,47.9,44.04,47.31,49.38
2022U48,51.21,50.85,52.12,43.61
2022U49,43.81,51.51,52.77,51.82
2022U50,52.7,52.85,56.67,52.48
2022U51,56.24,54.66,51.49,58.2
2022U52,52.15,50.17,62.95,57.06
2023U01,62.35,58.89,62.19,58.64
2023U02,70.85,62.14,65.27,70.08
2023U03,59.36,64.77,63.07,60.71
2023U04,60.62,65.0,58.89,60.69
2023U05,61.19,56.34,65.71,63.63
2023U06,64.99,64.43,72.91,68.17
2023U07,59.77,68.59,69.34,64.94
2023U08,70.72,57.31,71.98,63.01
2023U09,72.33,70.79,70.07,72.02
2023U10,69.88,71.74,65.39,66.87
2023U11,66.79,67.89,62.74,66.12
2023U12,69.5,62.66,61.55,65.72
2023U13,66.51,70.58,69.97,64.48
2023U14,68.79,69.42,70.25,66.97
2023U15,68.12,64.89,61.75,62.37
2023U16,63.01,62.61,61.28,62.85
2023U17,59.66,58.39,59.18,59.15
2023U18,59.71,59.77,61.92,59.82
2023U19,58.11,59.77,57.91,53.13
2023U20,52.97,53.55,53.03,50.14
2023U21,53.8,55.44,56.6,53.14
2023U22,50.6,52.74,55.3,51.48
2023U23,53.26,51.86,59.62,53.64
2023U24,57.02,58.33,56.25,50.36
2023U25,59.83,61.15,60.39,56.87
2023U26,62.7,59.38,69.62,61.92
2023U27,67.02,69.28,60.96,63.62
2023U28,60.53,56.41,64.2,60.26
2023U29,60.03,58.76,60.02,59.57
2023U30,61.48,57.17,56.92,61.74
2023U31,62.47,58.68,62.28,63.59
2023U32,59.47,61.46,62.48,60.4
2023U33,59.92,61.08,58.11,61.55
2023U34,66.29,57.79,56.95,59.72
2023U35,56.43,56.85,62.63,63.17
2023U36,58.95,63.51,63.08,57.43
2023U37,60.93,61.44,62.36,64.93
2023U38,62.63,65.98,61.15,57.53
2023U39,63.02,64.99,65.82,63.92
2023U40,60.56,63.21,65.79,67.51
2023U41,63.25,58.94,62.98,63.59
2023U42,59.97,59.07,61.12,57.77
2023U43,57.54,59.31,54.06,54.81
2023U44,56.87,56.45,55.68,54.96
2023U45,58.95,50.83,56.12,55.34
2023U46,58.48,59.84,57.38,58.6
2023U47,54.68,55.82,57.15,58.03
2023U48,52.85,60.71,67.47,57.41
2023U49,60.35,61.9,59.99,62.21
2023U50,53.3,56.66,65.49,64.18
2023U51,61.28,55.64,57.0,59.13
2023U52,52.53,58.67,59.44,58.56
2024U01,63.49,58.79,63.69,61.46
2024U02,64.54,52.54,58.51,63.39
2024U03,56.73,54.0,57.45,56.03
2024U04,59.46,53.19,55.06,51.25
2024U05,61.52,55.83,57.29,55.35
2024U06,52.85,54.97,52.75,54.24
2024U07,47.77,50.44,50.46,53.02
2024U08,54.53,53.7,47.37,53.57
2024U09,47.68,49.97,48.08,50.78
2024U10,47.36,50.73,51.12,51.4
2024U11,52.79,50.92,54.9,58.8
2024U12,58.46,64.01,53.32,56.74
2024U13,53.89,54.85,58.46,57.07
2024U14,54.53,61.68,58.94,58.6
2024U15,58.02,58.62,58.28,60.82
2024U16,60.48,56.78,60.78,54.68
2024U17,59.43,61.93,60.71,56.99
2024U18,57.96,54.73,57.83,55.85
2024U19,58.87,57.53,57.37,58.66
2024U20,60.29,60.83,64.23,63.15
2024U21,59.02,62.35,65.97,65.12
2024U22,65.91,67.57,66.84,62.06
2024U23,72.47,70.36,72.26,73.06
2024U24,83.13,68.99,74.43,76.16
2024U25,80.16,80.14,78.09,96.65
2024U26,103.99,78.97,102.22,86.89
2024U27,82.1,93.56,81.91,103.98
2024U28,105.23,101.63,89.23,110.04
2024U29,94.63,91.08,86.83,90.75
2024U30,83.88,87.02,82.58,83.22
2024U31,87.99,81.06,89.59,80.52
2024U32,85.27,84.86,79.01,84.56
2024U33,87.32,82.37,82.5,82.03
2024U34,78.36,83.75,84.48,76.18
2024U35,92.69,92.93,97.25,87.22
2024U36,89.3,89.7,89.16,90.57
2024U37,92.99,92.42,96.36,99.72
2024U38,95.03,98.37,95.9,103.11
2024U39,100.0,93.28,89.66,97.19
2024U40,98.91,94.03,101.2,101.43
2024U41,93.06,111.66,96.0,105.03
2024U42,89.83,96.95,89.16,89.35
2024U43,96.35,90.97,87.84,88.72
2024U44,88.59,90.03,89.64,87.99
2024U45,95.63,91.98,92.71,92.39
2024U46,94.68,92.69,95.73,93.61
2024U47,85.07,99.84,88.0,100.85
2024U48,86.97,91.95,83.77,83.99
2024U49,82.34,88.46,93.94,88.62
2024U50,91.11,78.18,90.57,88.74
2024U51,85.45,89.08,78.78,92.45
2024U52,91.0,82.51,92.19,84.5
2025U01,85.45,79.34,95.01,89.3
2025U02,81.48,86.4,84.98,70.13
2025U03,87.7,84.87,81.81,87.29
2025U04,79.65,81.97,73.31,74.99
2025U05,78.32,71.97,81.9,73.69
2025U06,82.18,71.49,83.02,78.44
2025U07,80.99,83.33,73.62,79.33
2025U08,93.83,76.39,90.27,84.19
2025U09,88.27,84.59,92.27,96.78
2025U10,82.23,86.96,93.43,79.5
